row_id,target,prediction,K_true,K_predicted,orientation,series_id,fold
0,-6.828456401824951,-6.827091724894161,0.0010825278165617382,0.001084006125777754,horizontal,horizontal_1,1
1,-6.6872382164001465,-6.687831716156727,0.0012467211968393904,0.0012459814876428698,horizontal,horizontal_1,1
2,-6.547993183135986,-6.549201385499524,0.0014329884600976317,0.0014312581655366921,horizontal,horizontal_1,1
3,-6.409828186035156,-6.410581635185976,0.0016453071645345246,0.001644067976139912,horizontal,horizontal_1,1
4,-6.2734293937683105,-6.273108449648428,0.001885750500595454,0.001886355818261562,horizontal,horizontal_1,1
5,-6.138161659240723,-6.133874861013321,0.002158888745729269,0.002168163331112739,horizontal,horizontal_1,1
6,-6.001949787139893,-5.996758042364738,0.0024739238461872945,0.0024868012265008886,horizontal,horizontal_1,1
7,-5.866030693054199,-5.860136648307844,0.0028341004519451107,0.002850854091674227,horizontal,horizontal_1,1
8,-5.730247974395752,-5.723532699515258,0.003246272141420873,0.0032681451104907017,horizontal,horizontal_1,1
9,-5.5945515632629395,-5.587373174367121,0.0037180662792201157,0.0037448520291570027,horizontal,horizontal_1,1
10,-5.459289073944092,-5.4513747164970585,0.004256580783586405,0.0042904025476338415,horizontal,horizontal_1,1
11,-5.323920249938965,-5.3155450028055835,0.0048736104554645355,0.0049145995547818806,horizontal,horizontal_1,1
12,-5.188431262969971,-5.179711598296554,0.005580754688104438,0.00562962977511973,horizontal,horizontal_1,1
13,-5.052986145019531,-5.044446186003696,0.0063902227948964205,0.0064450287227690905,horizontal,horizontal_1,1
14,-4.917425632476807,-4.90928411660236,0.007317945699970508,0.007377768062974349,horizontal,horizontal_1,1
15,-4.781673908233643,-4.774044490821483,0.008381956591793143,0.008446150607449413,horizontal,horizontal_1,1
16,-4.645908355712891,-4.638719631760548,0.009600804751764981,0.009670070956364584,horizontal,horizontal_1,1
17,-4.5100579261779785,-4.503430598235342,0.010997823095497237,0.01107095133054583,horizontal,horizontal_1,1
18,-4.374714374542236,-4.368151997421089,0.012591738249855574,0.012674641709226272,horizontal,horizontal_1,1
19,-4.238751411437988,-4.233324955831892,0.014425592232695558,0.01450408484426352,horizontal,horizontal_1,1
20,-6.8287529945373535,-6.806199904679359,0.001082206794309157,0.0011068912100239353,horizontal,horizontal_2,0
21,-6.684177398681641,-6.673330305273572,0.0012505430291509722,0.0012641816220188794,horizontal,horizontal_2,0
22,-6.5423359870910645,-6.540890979564909,0.0014411181306347896,0.001443202062465613,horizontal,horizontal_2,0
23,-6.401973247528076,-6.405348644636586,0.0016582818420728459,0.0016526939183741758,horizontal,horizontal_2,0
24,-6.263337135314941,-6.269922311383141,0.001904878341228557,0.0018923755935417905,horizontal,horizontal_2,0
25,-6.130724906921387,-6.131680126430363,0.0021750037138593948,0.002172927099848827,horizontal,horizontal_2,0
26,-5.991644859313965,-5.995137472764561,0.002499549260123215,0.0024908345282106045,horizontal,horizontal_2,0
27,-5.854082107543945,-5.857736264371316,0.0028681670621394746,0.002857705455703639,horizontal,horizontal_2,0
28,-5.717169761657715,-5.7201813359671885,0.003289006413942719,0.003279116226714667,horizontal,horizontal_2,0
29,-5.580790996551514,-5.583233174606014,0.0037695826123663573,0.0037603878526260115,horizontal,horizontal_2,0
30,-5.444859504699707,-5.445551783026268,0.004318446686478334,0.004315458154000362,horizontal,horizontal_2,0
31,-5.309231758117676,-5.308752004175598,0.0049457247714889225,0.004948098071699022,horizontal,horizontal_2,0
32,-5.1734843254089355,-5.170117904361743,0.005664796398421993,0.005683898623271469,horizontal,horizontal_2,0
33,-5.03794527053833,-5.033422825028901,0.0064870637948526945,0.006516467625877724,horizontal,horizontal_2,0
34,-4.902393817901611,-4.896225371264663,0.007428778625865143,0.007474744272968847,horizontal,horizontal_2,0
35,-4.766808986663818,-4.758604916147563,0.008507484388117123,0.008577567480179356,horizontal,horizontal_2,0
36,-4.631251811981201,-4.622021555145547,0.009742555617852512,0.009832898209690136,horizontal,horizontal_2,0
37,-4.496304035186768,-4.487794700560346,0.011150130967434209,0.0112454159940976,horizontal,horizontal_2,0
38,-4.360872268676758,-4.352207388295505,0.012767246322071497,0.012878353654962644,horizontal,horizontal_2,0
39,-4.225516319274902,-4.2163504255115765,0.014617785316498053,0.01475238631061214,horizontal,horizontal_2,0
40,-6.819444179534912,-6.818795652828086,0.001092327891777687,0.001093036525347176,horizontal,horizontal_3,1
41,-6.6747846603393555,-6.67893162949515,0.0012623443893909504,0.0012571203256464345,horizontal,horizontal_3,1
42,-6.532773971557617,-6.5398885178026624,0.0014549642173355551,0.0014446495427490305,horizontal,horizontal_3,1
43,-6.392222881317139,-6.400302905140579,0.0016745297802641726,0.0016610540551520337,horizontal,horizontal_3,1
44,-6.253255844116211,-6.261680103751187,0.0019241790993009065,0.0019080374013734367,horizontal,horizontal_3,1
45,-6.114913463592529,-6.122936157426935,0.002209666977784359,0.0021920104174377518,horizontal,horizontal_3,1
46,-5.977290630340576,-5.985148907920958,0.0025356871075048267,0.002515839062220502,horizontal,horizontal_3,1
47,-5.840307235717773,-5.84788916236258,0.002907949062734828,0.002885984578030302,horizontal,horizontal_3,1
48,-5.703890800476074,-5.710975455555378,0.0033329722668238556,0.0033094427555768907,horizontal,horizontal_3,1
49,-5.567803382873535,-5.574088150396415,0.0038188597989308416,0.003794934414382934,horizontal,horizontal_3,1
50,-5.43198823928833,-5.438350362667494,0.004374389817048687,0.004346647752119342,horizontal,horizontal_3,1
51,-5.2964348793029785,-5.302712571488848,0.005009421301182711,0.004978072199184962,horizontal,horizontal_3,1
52,-5.160878658294678,-5.167648333358155,0.005736656909362899,0.005697952761201832,horizontal,horizontal_3,1
53,-5.025744438171387,-5.032489905563473,0.006566696175592259,0.006522549802020865,horizontal,horizontal_3,1
54,-4.890620708465576,-4.897535014054192,0.0075167553130131865,0.0074649614354377605,horizontal,horizontal_3,1
55,-4.755649089813232,-4.762610042772552,0.008602958787682666,0.008543281941080892,horizontal,horizontal_3,1
56,-4.620818614959717,-4.628164877772983,0.009844733715365216,0.009772676713065264,horizontal,horizontal_3,1
57,-4.485890865325928,-4.493833783641296,0.011266845806235704,0.011177708643563685,horizontal,horizontal_3,1
58,-4.35096549987793,-4.360234947712401,0.012894357068374239,0.012775385749247943,horizontal,horizontal_3,1
59,-4.215920925140381,-4.226532473626579,0.014758723826893944,0.014602938934722042,horizontal,horizontal_3,1
60,-6.769917964935303,-6.754971003052885,0.001147788805968321,0.0011650736174078772,horizontal,horizontal_4,0
61,-6.627654075622559,-6.613085155675507,0.0013232637242956596,0.0013426833656748473,horizontal,horizontal_4,0
62,-6.486523628234863,-6.473911754823476,0.0015238372355601227,0.0015431773792446402,horizontal,horizontal_4,0
63,-6.347245216369629,-6.336745823446885,0.0017515656806548375,0.00177005293963232,horizontal,horizontal_4,0
64,-6.209592342376709,-6.201102431844742,0.0020100567120142796,0.0020271945601228465,horizontal,horizontal_4,0
65,-6.073143482208252,-6.066120676789435,0.0023039194856851507,0.0023201564115859045,horizontal,horizontal_4,0
66,-5.93757438659668,-5.93201491229614,0.0026384216865821936,0.0026531307736531277,horizontal,horizontal_4,0
67,-5.802797317504883,-5.798554985348563,0.0030190975477378677,0.003031932768733058,horizontal,horizontal_4,0
68,-5.668480396270752,-5.66446687018985,0.0034531086479493455,0.003466995638826695,horizontal,horizontal_4,0
69,-5.534364223480225,-5.530553362460164,0.003948718340501588,0.003963795066712537,horizontal,horizontal_4,0
70,-5.4005632400512695,-5.396823180076789,0.004514037739615115,0.0045309521221743474,horizontal,horizontal_4,0
71,-5.266944408416748,-5.2630468816901494,0.005159351382700442,0.005179499330684169,horizontal,horizontal_4,0
72,-5.133428573608398,-5.128565632941107,0.005896309845810805,0.005925053082430308,horizontal,horizontal_4,0
73,-4.9998650550842285,-4.995080068200048,0.006738856312127938,0.00677117892115419,horizontal,horizontal_4,0
74,-4.866471290588379,-4.8618254837878405,0.007700490194015319,0.007736348414412713,horizontal,horizontal_4,0
75,-4.733043670654297,-4.728335399963129,0.008799647011304172,0.008841175819137626,horizontal,horizontal_4,0
76,-4.599269866943359,-4.5940175054131505,0.01005917760213093,0.010112151035623216,horizontal,horizontal_4,0
77,-4.465469837188721,-4.460181000022249,0.011499291695692158,0.011560270688842161,horizontal,horizontal_4,0
78,-4.331507205963135,-4.327402743039594,0.013147716232631758,0.013201791445375389,horizontal,horizontal_4,0
79,-4.197602272033691,-4.195080557672557,0.01503157527439439,0.01506952844705242,horizontal,horizontal_4,0
80,-6.768843173980713,-6.760705186386799,0.0011490231021811387,0.0011584119894395182,horizontal,horizontal_5,1
81,-6.625566482543945,-6.62129902127421,0.0013260290459165343,0.0013316999150135248,horizontal,horizontal_5,1
82,-6.484733581542969,-6.484120412188404,0.0015265674182108144,0.0015275037496048597,horizontal,horizontal_5,1
83,-6.3458757400512695,-6.3471898260422535,0.0017539660516249936,0.0017516627031383372,horizontal,horizontal_5,1
84,-6.207851409912109,-6.210565897623972,0.002013559132854376,0.0020081007630216928,horizontal,horizontal_5,1
85,-6.070909023284912,-6.074195922058884,0.002309073254937129,0.002301496024503022,horizontal,horizontal_5,1
86,-5.934994220733643,-5.938425150723752,0.002645238042032513,0.0026361779666327152,horizontal,horizontal_5,1
87,-5.799495697021484,-5.803160316658978,0.003029081935302375,0.003018001816768647,horizontal,horizontal_5,1
88,-5.664581775665283,-5.668053757153661,0.003466597284931451,0.003454582193487858,horizontal,horizontal_5,1
89,-5.530106544494629,-5.5336786192658245,0.003965566557297483,0.003951426526703169,horizontal,horizontal_5,1
90,-5.395878791809082,-5.399396047082252,0.004535233121344594,0.004519309568749121,horizontal,horizontal_5,1
91,-5.26195764541626,-5.265246245908837,0.005185144102922981,0.005168120243151441,horizontal,horizontal_5,1
92,-5.128191947937012,-5.131422122476422,0.005927267599655848,0.0059081523801356,horizontal,horizontal_5,1
93,-4.9943718910217285,-4.997659807935317,0.006775975813860965,0.006753733553765387,horizontal,horizontal_5,1
94,-4.860730171203613,-4.863902512906087,0.007744826776567736,0.007720296469436379,horizontal,horizontal_5,1
95,-4.727088451385498,-4.730221691616585,0.008852207187094802,0.008824514501975213,horizontal,horizontal_5,1
96,-4.593387126922607,-4.596570200023914,0.010118527527719771,0.010086370720805952,horizontal,horizontal_5,1
97,-4.4596357345581055,-4.463412293765518,0.011566575824034957,0.01152297634543406,horizontal,horizontal_5,1
98,-4.325685024261475,-4.328897052443316,0.013224487897926693,0.01318207861647355,horizontal,horizontal_5,1
99,-4.191720962524414,-4.195288079068872,0.015120241101002059,0.015066401521930433,horizontal,horizontal_5,1
120,-6.723384380340576,-6.717959494432854,0.0012024617318205809,0.0012090026754191625,horizontal,horizontal_7,0
121,-6.580395221710205,-6.583099220886147,0.0013873008950410076,0.0013835547016984473,horizontal,horizontal_7,0
122,-6.439976692199707,-6.448240086006188,0.0015964438897739762,0.001583306200928532,horizontal,horizontal_7,0
123,-6.301924228668213,-6.313840118492066,0.001832774704156303,0.0018110651638296497,horizontal,horizontal_7,0
124,-6.165299892425537,-6.179177972959384,0.0021010881696715343,0.0020721305020376416,horizontal,horizontal_7,0
125,-6.029897689819336,-6.045062743298752,0.00240574009773308,0.0023695321620528158,horizontal,horizontal_7,0
126,-5.89540433883667,-5.911778740363629,0.0027520633519738467,0.002707366899121021,horizontal,horizontal_7,0
127,-5.761625289916992,-5.778792356449574,0.003145994288219004,0.0030924477286813825,horizontal,horizontal_7,0
128,-5.6282572746276855,-5.645085552317854,0.0035948346811885542,0.0035348459739168565,horizontal,horizontal_7,0
129,-5.495249271392822,-5.512666437943955,0.004106232771601236,0.004035333059886227,horizontal,horizontal_7,0
130,-5.362478733062744,-5.380061258306886,0.004689268245724738,0.004607539671268324,horizontal,horizontal_7,0
131,-5.229969024658203,-5.247421562834039,0.005353691132504277,0.005261066254291572,horizontal,horizontal_7,0
132,-5.097522735595703,-5.114736142774623,0.0061118685415975154,0.006007562764158872,horizontal,horizontal_7,0
133,-4.964968204498291,-4.982110382625679,0.006978172580071114,0.006859570952101657,horizontal,horizontal_7,0
134,-4.832398891448975,-4.850055832871338,0.007967385429956939,0.007827940480630789,horizontal,horizontal_7,0
135,-4.699707508087158,-4.716815935481004,0.00909793778578844,0.008943610292368965,horizontal,horizontal_7,0
136,-4.566854953765869,-4.584071607209084,0.010390587260488176,0.010213227274226412,horizontal,horizontal_7,0
137,-4.433749675750732,-4.4514723699891015,0.01186989785445816,0.011661384451489239,horizontal,horizontal_7,0
138,-4.300600051879883,-4.320153634693098,0.01356041961513284,0.013297840375872137,horizontal,horizontal_7,0
139,-4.167263984680176,-4.189405442604151,0.015494595633225949,0.015155292886362994,horizontal,horizontal_7,0
140,-6.836133003234863,-6.818799252237929,0.0010742494973309412,0.0010930325910678295,vertical,vertical_1,0
141,-6.804476737976074,-6.807353231761002,0.0011088002123935,0.0011056153383051115,vertical,vertical_1,0
142,-6.791471481323242,-6.811654687732168,0.001123314620960661,0.0011008697962933977,vertical,vertical_1,0
143,-6.783300876617432,-6.8020511723856725,0.001132530378575718,0.0011114929444141842,vertical,vertical_1,0
144,-6.775269508361816,-6.776386335568868,0.001141662770820573,0.0011403884425115617,vertical,vertical_1,0
145,-6.767223358154297,-6.7805844575327185,0.0011508858162065155,0.0011356109879288175,vertical,vertical_1,0
146,-6.765603542327881,-6.785870575573587,0.0011527515499305684,0.0011296238524920006,vertical,vertical_1,0
147,-6.761845111846924,-6.774614854776799,0.0011570922384712174,0.0011424104091417237,vertical,vertical_1,0
148,-6.759521007537842,-6.771971866923036,0.0011597845689452055,0.001145433779582824,vertical,vertical_1,0
149,-6.754286766052246,-6.767702720620825,0.0011658710766798337,0.0011503342569519305,vertical,vertical_1,0
150,-6.75287389755249,-6.759895452068152,0.0011675194634014794,0.0011593503752528255,vertical,vertical_1,0
151,-6.749841690063477,-6.759477988371933,0.0011710649973427063,0.0011598344629831874,vertical,vertical_1,0
152,-6.747958183288574,-6.760144535419117,0.0011732727847376151,0.0011590616363379355,vertical,vertical_1,0
153,-6.745219707489014,-6.755239870738585,0.0011764901672162674,0.0011647604088684098,vertical,vertical_1,0
154,-6.742067337036133,-6.74807552189809,0.0011802047518548132,0.00117313512261717,vertical,vertical_1,0
155,-6.741049766540527,-6.747425627852084,0.0011814063046177152,0.001173897783946205,vertical,vertical_1,0
156,-6.739893436431885,-6.750343888392,0.0011827731904315907,0.0011704770381068784,vertical,vertical_1,0
157,-6.737949848175049,-6.744655109322627,0.0011850742499467787,0.0011771545989582707,vertical,vertical_1,0
158,-6.7365498542785645,-6.745470394713674,0.0011867345085683802,0.0011761952731260423,vertical,vertical_1,0
159,-6.735422611236572,-6.736425110740028,0.00118807300104729,0.0011868825552640244,vertical,vertical_1,0
160,-6.735050678253174,-6.736374155403088,0.0011885149667687845,0.0011869430348054007,vertical,vertical_1,0
161,-6.735502243041992,-6.745873340408865,0.0011879783964160648,0.0011757214257778182,vertical,vertical_1,0
162,-6.733963489532471,-6.736662522756835,0.0011898078094897116,0.00118660080852922,vertical,vertical_1,0
163,-6.73281192779541,-6.733776998885903,0.001191178735839242,0.0011900297182087021,vertical,vertical_1,0
164,-6.7306227684021,-6.736521185746829,0.001193789272355619,0.0011867685309919845,vertical,vertical_1,0
165,-6.729771614074707,-6.735771658360438,0.0011948058038119833,0.0011876583799486928,vertical,vertical_1,0
166,-6.7288618087768555,-6.726756549055595,0.0011958933391098662,0.0011984136572188557,vertical,vertical_1,0
167,-6.728330612182617,-6.727920408804651,0.0011965287623310577,0.0011970196831530059,vertical,vertical_1,0
168,-6.728628158569336,-6.729536319252373,0.0011961727924826185,0.001195086968508316,vertical,vertical_1,0
169,-6.728259563446045,-6.7258467543245235,0.0011966137772079577,0.0011995044637796272,vertical,vertical_1,0
170,-6.72816801071167,-6.722762106106163,0.0011967233354863553,0.0012032102256342146,vertical,vertical_1,0
171,-6.727304935455322,-6.718415957465167,0.0011977566436331118,0.0012084509363256962,vertical,vertical_1,0
172,-6.7259721755981445,-6.716526766998099,0.0011993540298360715,0.0012107360881784203,vertical,vertical_1,0
173,-6.72538423538208,-6.717967322766742,0.0012000593856367134,0.0012089932109795936,vertical,vertical_1,0
174,-6.723752021789551,-6.722203305399939,0.0012020197382997054,0.0012038827682491794,vertical,vertical_1,0
175,-6.72294807434082,-6.71992540257202,0.0012029864875573646,0.001206628221962702,vertical,vertical_1,0
176,-6.722286701202393,-6.715970243625369,0.0012037823736659624,0.0012114100786380251,vertical,vertical_1,0
177,-6.721181392669678,-6.710212432884443,0.0012051136602007535,0.0012184052677624215,vertical,vertical_1,0
178,-6.720331192016602,-6.711455002972404,0.0012061386842980215,0.0012168922540291623,vertical,vertical_1,0
179,-6.719414710998535,-6.712356115369527,0.001207244594202646,0.0012157961912451418,vertical,vertical_1,0
180,-6.718931198120117,-6.71262384438848,0.00120782845365175,0.0012154707308931476,vertical,vertical_1,0
181,-6.719940185546875,-6.71474902353892,0.001206610384539883,0.0012128903806622943,vertical,vertical_1,0
182,-6.71981143951416,-6.719658385219785,0.0012067657408404641,0.0012069504556547418,vertical,vertical_1,0
183,-6.718454837799072,-6.71812759011142,0.0012084039522631677,0.0012087994643739776,vertical,vertical_1,0
184,-6.717085838317871,-6.724402355555609,0.0012100593895347342,0.0012012382784088393,vertical,vertical_1,0
185,-6.7163848876953125,-6.7233254614793765,0.001210907878756945,0.001202532581583629,vertical,vertical_1,0
186,-6.715606689453125,-6.72459279756909,0.0012118505718931413,0.0012010095339543973,vertical,vertical_1,0
187,-6.715165138244629,-6.722197327399516,0.0012123857841307868,0.0012038899650823882,vertical,vertical_1,0
188,-6.715026378631592,-6.725844334657686,0.0012125540259853619,0.0011995073661843112,vertical,vertical_1,0
189,-6.714755058288574,-6.727366020432072,0.001212883061194574,0.0011976834809309773,vertical,vertical_1,0
190,-6.713635444641113,-6.729199700895212,0.0012142417821019635,0.0011954893244367172,vertical,vertical_1,0
191,-6.713293075561523,-6.725753383651248,0.001214657572116062,0.00119961646754786,vertical,vertical_1,0
192,-6.713143825531006,-6.72818173282315,0.0012148388733250377,0.001196706914028004,vertical,vertical_1,0
193,-6.713406085968018,-6.72727321909217,0.0012145203109262036,0.0011977946327202244,vertical,vertical_1,0
194,-6.7141313552856445,-6.721246967665573,0.001213639775960149,0.0012050346374684181,vertical,vertical_1,0
195,-6.714237213134766,-6.7184109757981485,0.0012135113094635715,0.0012084569564408643,vertical,vertical_1,0
196,-6.7133355140686035,-6.716104463968204,0.001214606024955888,0.001211247493673306,vertical,vertical_1,0
197,-6.712682247161865,-6.712718353728503,0.001215399746104369,0.001215355862984684,vertical,vertical_1,0
198,-6.712712287902832,-6.714928648218303,0.0012153632351438362,0.0012126725351823391,vertical,vertical_1,0
199,-6.711613655090332,-6.712851150737904,0.00121669920680985,0.0012151944780766759,vertical,vertical_1,0
200,-6.711105823516846,-6.715898507620292,0.0012173172419981126,0.001211496983474643,vertical,vertical_1,0
201,-6.710838794708252,-6.716216907309498,0.0012176423441748157,0.0012111113046149031,vertical,vertical_1,0
202,-6.710149765014648,-6.714490546187289,0.0012184816250176472,0.001213203925876129,vertical,vertical_1,0
203,-6.709237575531006,-6.71081976926077,0.001219593618239155,0.001217665510585662,vertical,vertical_1,0
204,-6.70912504196167,-6.706316626941994,0.0012197308711847917,0.0012231611963170652,vertical,vertical_1,0
205,-6.7088422775268555,-6.70336420639966,0.0012200758164620379,0.0012267778188278446,vertical,vertical_1,0
206,-6.708425045013428,-6.700114309169601,0.001220584977973495,0.0012307712061976363,vertical,vertical_1,0
314,-4.8538923263549805,-4.789571120531127,0.0077979661728698945,0.008316023188826138,vertical,vertical_3,1
315,-4.8090643882751465,-4.772058535711812,0.008155486498051166,0.008462940950320486,vertical,vertical_3,1
316,-4.791172981262207,-4.751899388651489,0.008302712741428873,0.008635277867821568,vertical,vertical_3,1
317,-4.775793075561523,-4.721550140377976,0.008431394702120327,0.00890136947596036,vertical,vertical_3,1
318,-4.764625072479248,-4.720784812449896,0.008526084306867875,0.008908184550169134,vertical,vertical_3,1
319,-4.756504058837891,-4.721412251434144,0.008595606667764035,0.008902596961022424,vertical,vertical_3,1
320,-4.751428604125977,-4.712783021570158,0.008639344180118585,0.008979751931805325,vertical,vertical_3,1
321,-4.747049331665039,-4.712767766190933,0.008677261186019249,0.008979888922371308,vertical,vertical_3,1
322,-4.743797302246094,-4.707467358495611,0.008705525828486615,0.0090276123598264,vertical,vertical_3,1
323,-4.739898681640625,-4.705104546308187,0.00873953161562237,0.009048968132237645,vertical,vertical_3,1
324,-4.737281799316406,-4.7086946783597,0.00876243189202495,0.009016539388280804,vertical,vertical_3,1
325,-4.735178470611572,-4.706166123858632,0.008780881562606698,0.009039367047863239,vertical,vertical_3,1
326,-4.733254909515381,-4.70993823782103,0.008797788380206032,0.00900533375429621,vertical,vertical_3,1
327,-4.73030424118042,-4.712896797172635,0.00882378607221821,0.008978730313237924,vertical,vertical_3,1
328,-4.727710247039795,-4.7176399406281435,0.008846704634044005,0.008936243746906549,vertical,vertical_3,1
329,-4.724907875061035,-4.718447589930848,0.008871531161549833,0.008929029309635345,vertical,vertical_3,1
330,-4.723936080932617,-4.723359625197645,0.008880156653865283,0.008885277146822823,vertical,vertical_3,1
331,-4.72255802154541,-4.716453268968054,0.008892402472896997,0.00894685442856111,vertical,vertical_3,1
332,-4.720865726470947,-4.7137230481958134,0.008907463782297419,0.008971314692133914,vertical,vertical_3,1
333,-4.720353126525879,-4.711039873044666,0.008912030918199724,0.00899541862386309,vertical,vertical_3,1
334,-4.720310211181641,-4.714220078293138,0.008912413389281322,0.008966856786667718,vertical,vertical_3,1
335,-4.719757556915283,-4.714156891496607,0.008917340233859887,0.008967423391523805,vertical,vertical_3,1
336,-4.720238208770752,-4.718462746888271,0.008913055127635263,0.008928893973743909,vertical,vertical_3,1
337,-4.720455169677734,-4.718407433835855,0.008911121552873439,0.008929387871783672,vertical,vertical_3,1
338,-4.719629287719727,-4.718946785307805,0.008918484127279766,0.008924573091837456,vertical,vertical_3,1
339,-4.718547821044922,-4.717831863140972,0.008928134387930288,0.008934528845120785,vertical,vertical_3,1
340,-4.717523097991943,-4.718901806544542,0.008937287942185741,0.008924974517125518,vertical,vertical_3,1
341,-4.7161030769348145,-4.715614912063297,0.008949988094364918,0.008954358230739829,vertical,vertical_3,1
342,-4.71632719039917,-4.716450119470407,0.008947982506275192,0.008946882606702452,vertical,vertical_3,1
343,-4.715596675872803,-4.713030453979005,0.008954521525611216,0.008977530325014083,vertical,vertical_3,1
344,-4.714488983154297,-4.71418553224083,0.008964445879455333,0.008967166561522032,vertical,vertical_3,1
345,-4.713829517364502,-4.713240289259698,0.008970359574562789,0.008975646720048707,vertical,vertical_3,1
346,-4.713163375854492,-4.7106880151044805,0.00897633709415104,0.008998584290230954,vertical,vertical_3,1
347,-4.712747573852539,-4.71089558668374,0.008980070249157871,0.008996716633721646,vertical,vertical_3,1
348,-4.713189601898193,-4.713038721410327,0.008976101683429091,0.00897745610420549,vertical,vertical_3,1
349,-4.712500095367432,-4.712032456912295,0.008982292898356874,0.008986494346234176,vertical,vertical_3,1
350,-4.712051868438721,-4.710856808493968,0.008986319906354779,0.00899706551687107,vertical,vertical_3,1
351,-4.712223052978516,-4.711170281931588,0.008984781718977866,0.008994245617819821,vertical,vertical_3,1
352,-4.711853981018066,-4.711528438867067,0.008988098361983417,0.008991024843178222,vertical,vertical_3,1
353,-4.711565017700195,-4.711621939578445,0.008990695967995798,0.008990184215259628,vertical,vertical_3,1
354,-4.711649417877197,-4.7084379943015175,0.008989937183685945,0.009018854087262208,vertical,vertical_3,1
355,-4.711365699768066,-4.707063435422458,0.008992488153525963,0.009031259557298037,vertical,vertical_3,1
356,-4.710818290710449,-4.707455252614033,0.008997412070567154,0.009027721647694073,vertical,vertical_3,1
357,-4.710467338562012,-4.707265987489843,0.009000570285822497,0.009029430442255383,vertical,vertical_3,1
358,-4.710272789001465,-4.70813967782132,0.009002321513161006,0.009021544961415032,vertical,vertical_3,1
359,-4.709565162658691,-4.7066184704581,0.009008694047430483,0.00903527904558447,vertical,vertical_3,1
360,-4.710229873657227,-4.705103758933775,0.009002707859177714,0.009048975257166412,vertical,vertical_3,1
361,-4.710913181304932,-4.704125839914561,0.008996558341293056,0.009057828750468962,vertical,vertical_3,1
362,-4.711022853851318,-4.70209234707479,0.008995571719934677,0.009076266520560157,vertical,vertical_3,1
363,-4.711388111114502,-4.7023912540857955,0.008992286622016942,0.009073553966284346,vertical,vertical_3,1
364,-4.7116193771362305,-4.703088080440065,0.008990207252116696,0.0090672334771512,vertical,vertical_3,1
365,-4.710216522216797,-4.704916363823813,0.009002828059097821,0.009050671149775799,vertical,vertical_3,1
366,-4.709802627563477,-4.705967311819702,0.009006555052734408,0.009041164361514541,vertical,vertical_3,1
367,-4.708928108215332,-4.709116809466122,0.009014434904427337,0.009012734029769338,vertical,vertical_3,1
368,-4.708649635314941,-4.710612820848172,0.009016945529814897,0.008999260957524917,vertical,vertical_3,1
369,-4.708115577697754,-4.710361451567267,0.009021762384383309,0.00900152337962028,vertical,vertical_3,1
370,-4.708239555358887,-4.709716591924162,0.009020643956715053,0.009007329970791195,vertical,vertical_3,1
371,-4.7080397605896,-4.7087272559759805,0.009022446414248004,0.009016245655705017,vertical,vertical_3,1
372,-4.70866060256958,-4.7095967141699955,0.009016846639219488,0.00900840981400243,vertical,vertical_3,1
373,-4.708568096160889,-4.71299010104041,0.009017680793901537,0.008977892602053445,vertical,vertical_3,1
374,-4.708156108856201,-4.71411427485658,0.009021396729312896,0.00896780556112179,vertical,vertical_3,1
375,-4.707866191864014,-4.7171842476874275,0.009024012564687227,0.00894031685807205,vertical,vertical_3,1
376,-4.707530975341797,-4.715921200709412,0.009027038069866935,0.008951616032454052,vertical,vertical_3,1
377,-4.70667839050293,-4.7158206136283285,0.00903473766747887,0.008952516494668406,vertical,vertical_3,1
378,-4.706750392913818,-4.71299147894563,0.009034087168004112,0.008977880231376885,vertical,vertical_3,1
379,-4.706822395324707,-4.712435494189236,0.009033436715365196,0.008982873183804365,vertical,vertical_3,1
380,-4.7064032554626465,-4.7099645164420165,0.00903722378238394,0.009005097109652981,vertical,vertical_3,1
381,-4.7063374519348145,-4.708908056825246,0.009037818483157118,0.009014615658190187,vertical,vertical_3,1
382,-4.706433296203613,-4.708289082115923,0.009036952301562998,0.009020197204536685,vertical,vertical_3,1
383,-4.706390857696533,-4.7083134907226825,0.009037335824465241,0.009019977036777229,vertical,vertical_3,1
384,-4.706235885620117,-4.706614435164241,0.009038736467690718,0.009035315505664082,vertical,vertical_3,1
385,-4.7061448097229,-4.706688251515328,0.0090395597162127,0.009034648576257978,vertical,vertical_3,1
386,-4.706096172332764,-4.706324386115365,0.009039999387497426,0.009037936570433088,vertical,vertical_3,1
387,-4.706082820892334,-4.705600296922093,0.009040120085316477,0.009044483212523578,vertical,vertical_3,1
388,-4.705844879150391,-4.704365890688299,0.009042271363166203,0.009055654672624,vertical,vertical_3,1
389,-4.70512056350708,-4.704296798583681,0.009048823194276044,0.009056280368479098,vertical,vertical_3,1
390,-4.7047224044799805,-4.703685796040276,0.00905242678226841,0.009061815469626274,vertical,vertical_3,1
391,-4.704873085021973,-4.704801604003321,0.009051062860455334,0.009051709862772397,vertical,vertical_3,1
392,-4.7045674324035645,-4.7046762146282735,0.009053829764352178,0.009052844922175908,vertical,vertical_3,1
393,-4.704556941986084,-4.703687764476305,0.009053924743304388,0.00906179763203977,vertical,vertical_3,1
394,-4.703968048095703,-4.703190242269971,0.009059258114510414,0.009066307199302915,vertical,vertical_3,1
395,-4.703762054443359,-4.703255003815326,0.009061124456397639,0.009065720070249925,vertical,vertical_3,1
396,-4.703706741333008,-4.702561228536901,0.009061625669236297,0.009072011824995375,vertical,vertical_3,1
397,-4.703463554382324,-4.702174037169994,0.009063829606324543,0.009075525109767368,vertical,vertical_3,1
398,-4.7033281326293945,-4.702941924064912,0.009065057129132857,0.00906855880797931,vertical,vertical_3,1
399,-4.703361988067627,-4.702893500538598,0.009064750232846232,0.0090689979502077,vertical,vertical_3,1
400,-4.703124046325684,-4.702075320103139,0.009066907371933455,0.009076421063208587,vertical,vertical_3,1
401,-4.702939510345459,-4.7013942412371,0.009068580696962529,0.00908260492738457,vertical,vertical_3,1
402,-4.702944278717041,-4.700939926201604,0.009068537454703141,0.009086732228841113,vertical,vertical_3,1
403,-4.702566146850586,-4.70058068662631,0.009071967206105189,0.00908999712907339,vertical,vertical_3,1
404,-4.702359676361084,-4.700540530531318,0.009073840492997556,0.009090362155190547,vertical,vertical_3,1
405,-4.70247745513916,-4.700207963264216,0.009072771850084796,0.009093385814846712,vertical,vertical_3,1
406,-4.702554702758789,-4.700125977903608,0.009072071027124743,0.009094131369923772,vertical,vertical_3,1
407,-4.702159404754639,-4.700133950069525,0.009075657907591912,0.009094058870288605,vertical,vertical_3,1
408,-4.702110290527344,-4.700381382478372,0.0090761036624636,0.009091808983755039,vertical,vertical_3,1
409,-4.7017927169799805,-4.70037035923661,0.009078986450624328,0.009091909205515905,vertical,vertical_3,1
410,-4.701866626739502,-4.699858959556272,0.009078315449716127,0.009096559994081802,vertical,vertical_3,1
411,-4.701488494873047,-4.69962540462143,0.009081748899188814,0.009098684788676977,vertical,vertical_3,1
412,-4.70155143737793,-4.699103769073742,0.009081177289153856,0.009103432224207878,vertical,vertical_3,1
413,-4.70170783996582,-4.698675142128424,0.00907975708058978,0.009107335036919637,vertical,vertical_3,1
414,-4.702066421508789,-4.698044159959324,0.00907650183095714,0.009113083416307679,vertical,vertical_3,1
415,-4.702360153198242,-4.6977801926878335,0.009073836166254273,0.009115489289593883,vertical,vertical_3,1
416,-4.702555179595947,-4.697895346195531,0.009072066701225207,0.009114439669462689,vertical,vertical_3,1
417,-4.702592372894287,-4.697583742772138,0.009071729287416633,0.009117280202602943,vertical,vertical_3,1
418,-4.702639579772949,-4.697243695448126,0.009071301049500874,0.009120381036523365,vertical,vertical_3,1
419,-4.702456951141357,-4.697208066756001,0.009072957880086047,0.009120705989560164,vertical,vertical_3,1
420,-4.702584266662598,-4.697253045519264,0.009071802825254117,0.009120295760710537,vertical,vertical_3,1
421,-4.702319622039795,-4.697600966587392,0.009074203946798887,0.009117123169605473,vertical,vertical_3,1
422,-4.701876163482666,-4.698209311742158,0.009078228872566154,0.009111578498607708,vertical,vertical_3,1
423,-4.70147180557251,-4.698490798094307,0.009081900468490386,0.009109014074555933,vertical,vertical_3,1
424,-4.701278209686279,-4.698683409559746,0.009083658857263165,0.009107259742963938,vertical,vertical_3,1
